sample_id,label,measure,HT,NT,agree
TL06,traffic_light,count,3,3,1
TL06,traffic_light,attr:direction,all|all|unknown,all|left|straight,0
TL06,traffic_light,attr:needs_review,false|false|false,false|false|false,1
TL06,traffic_light,attr:relevance,relevant|relevant|relevant,not_relevant|relevant|relevant,0
TL06,traffic_light,attr:state,off|red|red,off|red|red,1
TL07,traffic_light,count,3,3,1
TL07,traffic_light,attr:direction,all|all|unknown,all|left|straight,0
TL07,traffic_light,attr:needs_review,false|false|false,false|false|false,1
TL07,traffic_light,attr:relevance,relevant|relevant|relevant,not_relevant|relevant|relevant,0
TL07,traffic_light,attr:state,off|red|red,off|red|red,1
TL08,traffic_light,count,3,3,1
TL08,traffic_light,attr:direction,all|all|unknown,all|left|straight,0
TL08,traffic_light,attr:needs_review,false|false|false,false|false|false,1
TL08,traffic_light,attr:relevance,relevant|relevant|relevant,not_relevant|relevant|relevant,0
TL08,traffic_light,attr:state,off|red|red,off|red|red,1
TL09,traffic_light,count,3,3,1
TL09,traffic_light,attr:direction,all|all|unknown,all|left|straight,0
TL09,traffic_light,attr:needs_review,false|false|false,false|false|false,1
TL09,traffic_light,attr:relevance,relevant|relevant|relevant,not_relevant|relevant|relevant,0
TL09,traffic_light,attr:state,off|red|red,off|red|red,1
TL10,traffic_light,count,3,3,1
TL10,traffic_light,attr:direction,all|all|left,all|left|straight,0
TL10,traffic_light,attr:needs_review,false|false|false,false|false|false,1
TL10,traffic_light,attr:relevance,relevant|relevant|relevant,not_relevant|relevant|relevant,0
TL10,traffic_light,attr:state,green|red|red,green|red|red,1
TL11,traffic_light,count,3,3,1
TL11,traffic_light,attr:direction,all|all|left,all|left|straight,0
TL11,traffic_light,attr:needs_review,false|false|false,false|false|false,1
TL11,traffic_light,attr:relevance,relevant|relevant|relevant,not_relevant|relevant|relevant,0
TL11,traffic_light,attr:state,green|red|red,green|red|red,1
TL12,traffic_light,count,3,3,1
TL12,traffic_light,attr:direction,all|all|left,all|left|straight,0
TL12,traffic_light,attr:needs_review,false|false|false,false|false|false,1
TL12,traffic_light,attr:relevance,relevant|relevant|relevant,not_relevant|relevant|relevant,0
TL12,traffic_light,attr:state,green|red|red,green|red|red,1
TL13,traffic_light,count,3,3,1
TL13,traffic_light,attr:direction,all|all|left,all|left|straight,0
TL13,traffic_light,attr:needs_review,false|false|false,false|false|false,1
TL13,traffic_light,attr:relevance,relevant|relevant|relevant,not_relevant|relevant|relevant,0
TL13,traffic_light,attr:state,green|red|red,green|red|red,1
TL14,traffic_light,count,3,3,1
TL14,traffic_light,attr:direction,all|all|left,all|left|straight,0
TL14,traffic_light,attr:needs_review,false|false|false,false|false|false,1
TL14,traffic_light,attr:relevance,relevant|relevant|relevant,not_relevant|relevant|relevant,0
TL14,traffic_light,attr:state,green|red|red,green|red|red,1
TL15,traffic_light,count,3,3,1
TL15,traffic_light,attr:direction,all|all|left,all|left|straight,0
TL15,traffic_light,attr:needs_review,false|false|false,false|false|false,1
TL15,traffic_light,attr:relevance,relevant|relevant|relevant,not_relevant|relevant|relevant,0
TL15,traffic_light,attr:state,green|red|red,green|red|red,1
TL16,traffic_light,count,3,3,1
TL16,traffic_light,attr:direction,all|all|left,all|left|straight,0
TL16,traffic_light,attr:needs_review,false|false|false,false|false|false,1
TL16,traffic_light,attr:relevance,relevant|relevant|relevant,not_relevant|relevant|relevant,0
TL16,traffic_light,attr:state,green|red|red,green|red|red,1
TL17,traffic_light,count,3,3,1
TL17,traffic_light,attr:direction,all|all|left,all|left|straight,0
TL17,traffic_light,attr:needs_review,false|false|false,false|false|false,1
TL17,traffic_light,attr:relevance,relevant|relevant|relevant,not_relevant|relevant|relevant,0
TL17,traffic_light,attr:state,green|red|red,green|red|red,1
TL18,traffic_light,count,3,3,1
TL18,traffic_light,attr:direction,all|all|left,all|left|straight,0
TL18,traffic_light,attr:needs_review,false|false|false,false|false|false,1
TL18,traffic_light,attr:relevance,relevant|relevant|relevant,not_relevant|relevant|relevant,0
TL18,traffic_light,attr:state,green|red|red,green|red|red,1
TL19,traffic_light,count,3,3,1
TL19,traffic_light,attr:direction,all|all|left,all|left|straight,0
TL19,traffic_light,attr:needs_review,false|false|false,false|false|false,1
TL19,traffic_light,attr:relevance,relevant|relevant|relevant,not_relevant|relevant|relevant,0
TL19,traffic_light,attr:state,green|red|red,green|red|red,1
TL20,traffic_light,count,3,3,1
TL20,traffic_light,attr:direction,all|all|left,all|left|straight,0
TL20,traffic_light,attr:needs_review,false|false|false,false|false|false,1
TL20,traffic_light,attr:relevance,relevant|relevant|relevant,not_relevant|relevant|relevant,0
TL20,traffic_light,attr:state,green|red|red,green|red|red,1
