sample_id,split,tags,reason
TL01,example,normal,Đèn minh họa trạng thái Red/Red/Red cho tài liệu guideline
TL02,example,normal,Đèn minh họa trạng thái Red/Off/Red cho tài liệu guideline
TL03,example,normal,Đèn minh họa trạng thái Green/Red/Red cho tài liệu guideline
TL04,example,normal,Đèn minh họa trạng thái Red/Green/Red cho tài liệu guideline
TL05,example,normal,Đèn minh họa trạng thái Red/Green/Red cho tài liệu guideline
TL06,calibration,edge;ambiguity,Thực hành calibration đo độ đồng thuận giữa các annotator (Red/Off/Red)
TL07,calibration,edge;ambiguity,Thực hành calibration đo độ đồng thuận giữa các annotator (Red/Off/Red)
TL08,calibration,edge;ambiguity,Thực hành calibration đo độ đồng thuận giữa các annotator (Red/Off/Red)
TL09,calibration,edge;ambiguity,Thực hành calibration đo độ đồng thuận giữa các annotator (Red/Off/Red)
TL10,calibration,edge;conflict,Thực hành calibration đo độ đồng thuận giữa các annotator (Green/Red/Red)
TL11,calibration,edge;conflict,Thực hành calibration đo độ đồng thuận giữa các annotator (Green/Red/Red)
TL12,calibration,edge;conflict,Thực hành calibration đo độ đồng thuận giữa các annotator (Red/Green/Red)
TL13,calibration,edge;conflict,Thực hành calibration đo độ đồng thuận giữa các annotator (Red/Green/Red)
TL14,calibration,edge;conflict,Thực hành calibration đo độ đồng thuận giữa các annotator (Red/Green/Red)
TL15,calibration,edge;conflict,Thực hành calibration đo độ đồng thuận giữa các annotator (Red/Green/Red)
TL16,calibration,edge;conflict,Thực hành calibration đo độ đồng thuận giữa các annotator (Green/Red/Red)
TL17,calibration,edge;conflict,Thực hành calibration đo độ đồng thuận giữa các annotator (Green/Red/Red)
TL18,calibration,edge;conflict,Thực hành calibration đo độ đồng thuận giữa các annotator (Red/Green/Red)
TL19,calibration,edge;conflict,Thực hành calibration đo độ đồng thuận giữa các annotator (Green/Red/Red)
TL20,calibration,edge;conflict,Thực hành calibration đo độ đồng thuận giữa các annotator (Red/Green/Red)
TL21,blind,ambiguity;edge,Test xử lý đèn trạng thái Off hoặc không phát sáng rõ
TL22,blind,ambiguity;edge,Test xử lý đèn trạng thái Off hoặc không phát sáng rõ
TL23,blind,critical;edge,Test an toàn critical đèn đỏ và phân biệt relevance tránh vượt đèn
TL24,blind,critical;edge,Test an toàn critical đèn đỏ và phân biệt relevance tránh vượt đèn
TL25,blind,critical;edge,Test an toàn critical đèn đỏ và phân biệt relevance tránh vượt đèn
TL26,blind,critical;edge,Test an toàn critical đèn đỏ và phân biệt relevance tránh vượt đèn
TL27,blind,critical;edge,Test an toàn critical đèn đỏ và phân biệt relevance tránh vượt đèn
TL28,blind,critical;edge,Test an toàn critical đèn đỏ và phân biệt relevance tránh vượt đèn
TL29,blind,normal,Test khả năng phát hiện đèn và gán nhãn baseline của peer
TL30,blind,normal,Test khả năng phát hiện đèn và gán nhãn baseline của peer
