sample_id,decision_id,expected,severity,rationale
TL21,d1,label=traffic_light x3,major,Phát hiện đúng đủ 3 đầu đèn trong ảnh theo Ground Truth
TL21,d2,state=off,major,Trạng thái đèn được xác nhận là off theo Ground Truth
TL21,d3,state=red,critical,Trạng thái đèn được xác nhận là red theo Ground Truth
TL21,d_geo,geometry: box ôm sát vỏ đèn dung sai <= 3px,minor,Tuân thủ quy tắc hình chữ nhật tight theo mục 3 guideline
TL22,d1,label=traffic_light x3,major,Phát hiện đúng đủ 3 đầu đèn trong ảnh theo Ground Truth
TL22,d2,state=red,critical,Trạng thái đèn được xác nhận là red theo Ground Truth
TL22,d3,state=off,major,Trạng thái đèn được xác nhận là off theo Ground Truth
TL23,d1,label=traffic_light x3,major,Phát hiện đúng đủ 3 đầu đèn trong ảnh theo Ground Truth
TL23,d2,state=red,critical,Trạng thái đèn được xác nhận là red theo Ground Truth
TL23,d3,state=red,critical,Trạng thái đèn được xác nhận là red theo Ground Truth
TL23,d_geo,geometry: box ôm sát vỏ đèn dung sai <= 3px,minor,Tuân thủ quy tắc hình chữ nhật tight theo mục 3 guideline
TL24,d1,label=traffic_light x3,major,Phát hiện đúng đủ 3 đầu đèn trong ảnh theo Ground Truth
TL24,d2,state=green,major,Trạng thái đèn được xác nhận là green theo Ground Truth
TL24,d3,state=red,critical,Trạng thái đèn được xác nhận là red theo Ground Truth
TL25,d1,label=traffic_light x3,major,Phát hiện đúng đủ 3 đầu đèn trong ảnh theo Ground Truth
TL25,d2,state=red,critical,Trạng thái đèn được xác nhận là red theo Ground Truth
TL25,d3,state=green,major,Trạng thái đèn được xác nhận là green theo Ground Truth
TL26,d1,label=traffic_light x3,major,Phát hiện đúng đủ 3 đầu đèn trong ảnh theo Ground Truth
TL26,d2,state=red,critical,Trạng thái đèn được xác nhận là red theo Ground Truth
TL26,d3,state=green,major,Trạng thái đèn được xác nhận là green theo Ground Truth
TL27,d1,label=traffic_light x3,major,Phát hiện đúng đủ 3 đầu đèn trong ảnh theo Ground Truth
TL27,d2,state=red,critical,Trạng thái đèn được xác nhận là red theo Ground Truth
TL27,d3,state=green,major,Trạng thái đèn được xác nhận là green theo Ground Truth
TL27,d_geo,geometry: box ôm sát vỏ đèn dung sai <= 3px,minor,Tuân thủ quy tắc hình chữ nhật tight theo mục 3 guideline
TL28,d1,label=traffic_light x3,major,Phát hiện đúng đủ 3 đầu đèn trong ảnh theo Ground Truth
TL28,d2,state=green,major,Trạng thái đèn được xác nhận là green theo Ground Truth
TL28,d3,state=red,critical,Trạng thái đèn được xác nhận là red theo Ground Truth
TL29,d1,label=traffic_light x3,major,Phát hiện đúng đủ 3 đầu đèn trong ảnh theo Ground Truth
TL29,d2,state=green,major,Trạng thái đèn được xác nhận là green theo Ground Truth
TL29,d3,state=red,critical,Trạng thái đèn được xác nhận là red theo Ground Truth
TL30,d1,label=traffic_light x3,major,Phát hiện đúng đủ 3 đầu đèn trong ảnh theo Ground Truth
TL30,d2,state=red,critical,Trạng thái đèn được xác nhận là red theo Ground Truth
TL30,d3,state=green,major,Trạng thái đèn được xác nhận là green theo Ground Truth
